insert into shows (show_id, show_title, show_url, show_last_updated) values (1, 'office', 'http://services.tvrage.com/feeds/episode_list.php?sid=6061', '2012-11-18');
insert into shows (show_id, show_title, show_url, show_last_updated) values (2, 'dexter', 'http://services.tvrage.com/feeds/episode_list.php?sid=7926', '2012-11-17');
insert into shows (show_id, show_title, show_url, show_last_updated) values (3, 'family guy', 'http://services.tvrage.com/feeds/episode_list.php?sid=3506', '2012-11-17');
insert into shows (show_id, show_title, show_url, show_last_updated) values (4, 'american dad', 'http://services.tvrage.com/feeds/episode_list.php?sid=2594', '2012-11-17');
insert into shows (show_id, show_title, show_url, show_last_updated) values (5, 'big bang theory', 'http://services.tvrage.com/feeds/episode_list.php?sid=8511', '2012-11-17');
insert into shows (show_id, show_title, show_url, show_last_updated) values (6, 'Curb Your Enthusiasm', 'http://services.tvrage.com/feeds/episode_list.php?sid=3188', '2012-11-17');
insert into shows (show_id, show_title, show_url, show_last_updated) values (7, 'south park', 'http://services.tvrage.com/feeds/episode_list.php?sid=5266', '2012-11-17');
insert into shows (show_id, show_title, show_url, show_last_updated) values (8, 'comic book men', 'http://services.tvrage.com/feeds/episode_list.php?sid=30604', '2012-11-17');
insert into shows (show_id, show_title, show_url, show_last_updated) values (9, 'futurama', 'http://services.tvrage.com/feeds/episode_list.php?sid=3628', '2012-11-17');
insert into shows (show_id, show_title, show_url, show_last_updated) values (10, 'wilfred', 'http://services.tvrage.com/feeds/episode_list.php?sid=25709', '2012-11-17');
insert into shows (show_id, show_title, show_url, show_last_updated) values (11, 'robot chicken', 'http://services.tvrage.com/feeds/episode_list.php?sid=5027', '2012-11-17');
insert into shows (show_id, show_title, show_url, show_last_updated) values (12, 'derek', 'http://services.tvrage.com/feeds/episode_list.php?sid=31337', '2012-11-17');
insert into shows (show_id, show_title, show_url, show_last_updated) values (13, 'louie', 'http://services.tvrage.com/feeds/episode_list.php?sid=24504', '2012-11-17');

insert into users (user_id, user_name, user_password, user_created, user_enabled, user_mail) values (1, 'maciekwiso', '21232f297a57a5a743894a0e4a801fc3', '2012-11-26 12:00:00', 1, 'maciekwiso@o2.pl');
insert into user_roles (role_id, user_id, role_value) values (1, 1, 'ADMIN');
insert into user_roles (role_id, user_id, role_value) values (2, 1, 'USER');
insert into users (user_id, user_name, user_password, user_created, user_enabled, user_mail) values (2, 'someuser', 'ee11cbb19052e40b07aac0ca060c23ee', '2012-11-25 12:00:00', 1, 'maciekwiso@gmail.com');
insert into user_roles (role_id, user_id, role_value) values (3, 2, 'USER');
insert into user_subscriptions (usersub_id, user_id, show_id, usersub_enabled, usersub_email_enabled) values (1, 1, 1, 1, 1);
insert into user_subscriptions (usersub_id, user_id, show_id, usersub_enabled, usersub_email_enabled) values (2, 1, 2, 1, 1);
insert into user_subscriptions (usersub_id, user_id, show_id, usersub_enabled, usersub_email_enabled) values (3, 1, 3, 1, 1);
insert into user_subscriptions (usersub_id, user_id, show_id, usersub_enabled, usersub_email_enabled) values (4, 1, 4, 1, 1);
insert into user_subscriptions (usersub_id, user_id, show_id, usersub_enabled, usersub_email_enabled) values (5, 1, 5, 1, 1);
insert into user_subscriptions (usersub_id, user_id, show_id, usersub_enabled, usersub_email_enabled) values (6, 1, 6, 1, 1);
insert into user_subscriptions (usersub_id, user_id, show_id, usersub_enabled, usersub_email_enabled) values (7, 1, 7, 1, 1);
insert into user_subscriptions (usersub_id, user_id, show_id, usersub_enabled, usersub_email_enabled) values (8, 1, 8, 1, 1);
insert into user_subscriptions (usersub_id, user_id, show_id, usersub_enabled, usersub_email_enabled) values (9, 1, 9, 1, 1);
insert into user_subscriptions (usersub_id, user_id, show_id, usersub_enabled, usersub_email_enabled) values (10, 1, 10, 1, 1);
insert into user_subscriptions (usersub_id, user_id, show_id, usersub_enabled, usersub_email_enabled) values (11, 1, 11, 1, 1);
insert into user_subscriptions (usersub_id, user_id, show_id, usersub_enabled, usersub_email_enabled) values (12, 1, 12, 1, 1);
insert into user_subscriptions (usersub_id, user_id, show_id, usersub_enabled, usersub_email_enabled) values (13, 1, 13, 1, 1);